the_geom,cartodb_id,the_geom_webmercator,mooring_type,maritime_asset_id,crc,publish_date,asset_owner,symbol,ref_id
0101000020E610000003E2B3CFD5E36240B8B646CB10FF40C0,4100,0101000020110F0000B5CE0A8C130B7041054BE1EDD6BA4EC1,Emergency Mooring,CGR251,AE4C14BD24464604,20220111,Transport (Maritime),483,1669
0101000020E6100000E9BAAE9A48F3624032C19FCECF9240C0,4101,0101000020110F0000132B985A32187041E6FAC1D025DE4DC1,Courtesy Mooring,NLM254,1428FE45FD9BAF5D,20220111,Transport (Maritime),482,1736
0101000020E6100000E4A70DBE30F962400A2C5305A37240C0,4102,0101000020110F00002A8F019D361D704132AFA565F79C4DC1,Courtesy Mooring,NHR153,F41C9D4F0065365B,20220111,Transport (Maritime),482,7036
0101000020E610000022B6B97BABEA62409E157DA52CB840C0,4103,0101000020110F00000CD9428BE1107041179CD4C6122A4EC1,Emergency Mooring,CBW279,AA504C9DFF008288,20220111,Transport (Maritime),483,1682
0101000020E6100000CC2A22CB6FE9624090C6ADFA5CD340C0,4462,0101000020110F00002E44B46DD50F7041C320372C7C614EC1,Emergency Mooring,CPT032,F4F88C56E9CBE60C,20220513,Transport (Maritime),483,1775
0101000020E61000009B08D4B3590D63401B1C4EF8C23840C0,4105,0101000020110F000067677CD1552E70413296CE102F284DC1,Courtesy Mooring,NML491,4AFEDF31F75CC248,20220111,Transport (Maritime),482,1774
0101000020E6100000C91CFC6744E56240AD5CD8C6380A41C0,4106,0101000020110F0000E9F06AE54A0C7041AD3F3C01B5D14EC1,Courtesy Mooring,CPH080,24FA912415370A9F,20220111,Transport (Maritime),482,1712
0101000020E6100000B58A453251E062400E8F256DBDFD40C0,4463,0101000020110F0000DA288BA7160870414B6DEFB41FB84EC1,Courtesy Mooring,CUG242,3D44C741ED865B39,20220513,Transport (Maritime),482,7032
0101000020E61000001F50586624E1624028159CD4AAFE40C0,4464,0101000020110F000032449307CA087041E4F6270A06BA4EC1,Courtesy Mooring,CGR190,97BEB7030F645ACA,20220513,Transport (Maritime),482,1628
0101000020E6100000AF4AD47D00EA62401E71031914D040C0,4465,0101000020110F00002ACD135250107041E395C192C85A4EC1,Emergency Mooring,CPT020,2D9C94134EA0FC88,20220513,Transport (Maritime),483,1704
0101000020E6100000F5065D5824F36240B701B6E6A18740C0,4467,0101000020110F0000612A1E8F13187041F9CEF8A67AC74DC1,Emergency Mooring,NLM283,A17442E6B52ADC8E,20220513,Transport (Maritime),483,3030
0101000020E6100000EE1821D59DF2624042981E85EB8D40C0,4111,0101000020110F0000A83F4351A11770417FD740CF39D44DC1,Courtesy Mooring,NLM361,8FFFE16EBB96D409,20220111,Transport (Maritime),482,7048
0101000020E6100000ED2C91C8D1E8624063BE48E7D6D240C0,4468,0101000020110F0000AB82063B4F0F7041B5AF81976A604EC1,Emergency Mooring,CPT028,BCFD08DBC173426D,20220513,Transport (Maritime),483,1647
0101000020E6100000CB7C1A71EEEA6240959B1CB62DBC40C0,4469,0101000020110F0000055A70691A117041576D14B539324EC1,Courtesy Mooring,CBW287,6F493B86C4A5E727,20220513,Transport (Maritime),482,1532
0101000020E610000042A221EE72E66240AD25A36370EC40C0,4113,0101000020110F0000D45074D44B0D7041967B6D36B6944EC1,Emergency Mooring,CPJ425,885A72DD7D2CA0EE,20220111,Transport (Maritime),483,1729
0101000020E61000006E1A41E602F36240817B56DD388C40C0,4114,0101000020110F00000CDF5027F71770413D318D75C8D04DC1,Courtesy Mooring,NLM221,238824B0939AB681,20220111,Transport (Maritime),482,1503
0101000020E61000009A600A19B5DF62400368FB2D14B140C0,4470,0101000020110F0000761B751492077041C3AE257AA21B4EC1,Courtesy Mooring,CHR834,B0241EEE9701553A,20220513,Transport (Maritime),482,1545
0101000020E610000008BC562E41E9624092B653D649D040C0,4471,0101000020110F0000998B2DD7AD0F7041B9930D33365B4EC1,Courtesy Mooring,CPT062,58F0BAF088837D71,20220513,Transport (Maritime),482,1557
0101000020E610000006F785FE68E76240A20FAE1E85E340C0,4116,0101000020110F0000F0A0E9CF1C0E7041621437597A824EC1,Courtesy Mooring,CMH076,ADDDA9BF1DAE57E9,20220111,Transport (Maritime),482,1507
0101000020E6100000469E751A69E76240A7FC3B6EE5EE40C0,4472,0101000020110F0000B387A3E71C0E70417A6C12E1BC994EC1,Emergency Mooring,CPJ422,F805BCF92F5E4170,20220513,Transport (Maritime),483,1570
0101000020E6100000D722DF6CF3DF6240D766E329BEFC40C0,4473,0101000020110F000076F3BF03C70770410A2F07D614B64EC1,Emergency Mooring,CUG300,46B92EDD078B1937,20220513,Transport (Maritime),483,1486
0101000020E6100000A0234723B3056340B27130FFDB5B40C0,4119,0101000020110F000018A6A268D6277041FEE7564AEF6E4DC1,Courtesy Mooring,NPS313,C0B0A3CA5C60D5C6,20220111,Transport (Maritime),486,5830
0101000020E6100000C5B2B73D5409634036F9AE72683D40C0,4120,0101000020110F000065A9167FEB2A70413AE8C5AA89314DC1,Courtesy Mooring,NML467,62508FECF4AE3859,20220111,Transport (Maritime),482,1592
0101000020E610000097EE35E2C9056340240F7AA1945B40C0,4121,0101000020110F000057D20DBAE9277041104DD6355F6E4DC1,Courtesy Mooring,NPS314,F1C5CFE5144FC7C3,20220111,Transport (Maritime),486,5831
0101000020E61000007CF937A1101063406926C5A4D21640C0,4474,0101000020110F000074563105A43070418FC56544F9E34CC1,Courtesy Mooring,NWS182,873D739EC09143C3,20220513,Transport (Maritime),482,1617
0101000020E6100000EDCDE35E73D5624086E52B3DC08441C0,4122,0101000020110F00006ECB1819B8FD6F41B4DED4256FCE4FC1,Courtesy Mooring,SCC050,F42D2B760052E609,20220111,Transport (Maritime),482,1655
0101000020E61000004AD4306F3A046340C06171CCF15B40C0,4123,0101000020110F000062AC6F79962670410AE3714E1B6F4DC1,Courtesy Mooring,NPS018,AD52297E84B17F6B,20220111,Transport (Maritime),482,1694
0101000020E6100000E0B4663C24DD624056F5D255A73C41C0,4475,0101000020110F00001987F83464057041100B9F2160394FC1,Emergency Mooring,SPK029,64B4EC5EBA492CA7,20220513,Transport (Maritime),483,1771
0101000020E6100000C1D9E5BAFF016340E59C850C905740C0,4124,0101000020110F0000035C69C6B1247041819D640243664DC1,Courtesy Mooring,NPS186,3BDCB06798D2674E,20220111,Transport (Maritime),482,1511
0101000020E61000007E8D94EEA431634093C6A627A82F3CC0,4125,0101000020110F000038CDC8DC284D7041C7C2EB4B88F748C1,Courtesy Mooring,NTR200,07A00A19C378C675,20220111,Transport (Maritime),482,2231
0101000020E610000095C443600DE962402BB1AFAA69E640C0,4126,0101000020110F000069B8B1D7810F70415E7EA7E363884EC1,Courtesy Mooring,CMH101,CCD4B2F53ED2D846,20220111,Transport (Maritime),482,1792
0101000020E610000064506E1283E86240D4E5CB85A4ED40C0,4127,0101000020110F0000512982610C0F7041344AEB712C974EC1,Courtesy Mooring,CMH119,F2DF10EFB7613056,20220111,Transport (Maritime),482,1666
0101000020E610000093CDF433ECE7624088D3EA280FEF40C0,4128,0101000020110F000094B76D3F8C0E7041960E7B3E129A4EC1,Emergency Mooring,CPJ421,6BE8B649A7A4E28B,20220111,Transport (Maritime),483,1523
0101000020E61000003382676994E96240985AB4D800CD40C0,4476,0101000020110F0000CD7D4687F40F7041800206DB82544EC1,Emergency Mooring,CPT006,4762118C6A16961A,20220513,Transport (Maritime),483,1653
0101000020E61000009AD7CDF753F36240B9271CD5827F40C0,4130,0101000020110F0000DAEE4F013C18704112C6AE7A06B74DC1,Emergency Mooring,NLM282,6C34144820018F4F,20220111,Transport (Maritime),483,3029
0101000020E610000074CC70F9EA06634071B0B570B54140C0,4132,0101000020110F0000C0EA6A40DF2870419D0B73FE323A4DC1,Courtesy Mooring,NML463,A00A416F6FB25B1D,20220111,Transport (Maritime),482,1611
0101000020E6100000706EC5B45CD76240985C9C0B497341C0,4133,0101000020110F0000D44B4CA47B0070418F2319293BAA4FC1,Courtesy Mooring,SSR129,55DE0470E12E73F9,20220111,Transport (Maritime),482,1786
0101000020E6100000FED7BE502DEF624050F44B4F58AE40C0,4477,0101000020110F0000E94B747EB51470415BE3BCF312164EC1,Emergency Mooring,CTL110,2E5B05172355F4DF,20220513,Transport (Maritime),483,1724
0101000020E6100000110579337D2063409C5D02EABAE53EC0,4135,0101000020110F000039ADC9F6963E7041994A80C9329D4BC1,Courtesy Mooring,NMC201,0F055624FDD0AD87,20220111,Transport (Maritime),482,1494
0101000020E610000006FE78AE6FDA62401A631478278141C0,4136,0101000020110F0000727A2E05180370417D8FFE4AF9C64FC1,Courtesy Mooring,SCU008,C9B9455A6121FF60,20220111,Transport (Maritime),482,1737
0101000020E61000007436F79C05E96240D6B64F4C63E640C0,4137,0101000020110F00009D69E13F7B0F7041D0A008DF56884EC1,Courtesy Mooring,CMH104,75F750C09EA2CB47,20220111,Transport (Maritime),482,1717
0101000020E61000003DA4ABBEC4C5624043FF3E883EDA41C0,4138,0101000020110F0000A3AB1EDA14E36F419DCAD87C434050C1,Courtesy Mooring,SBB055,CD4306674FE18A8C,20220111,Transport (Maritime),482,4229
0101000020E61000009FC09E889BE36240BCC07FA9240841C0,4139,0101000020110F0000F0BE420DE20A7041546D90D771CD4EC1,Emergency Mooring,CPH127,4849D66753EE65FC,20220111,Transport (Maritime),483,1707
0101000020E61000007CBB2FCF49EA624076DD49DA7ECA40C0,4140,0101000020110F00009DF7E5968E107041F69F4EBE654F4EC1,Emergency Mooring,CPT004,7A48DE84EDC8DAC6,20220111,Transport (Maritime),483,1801
0101000020E61000009D6A4694F6E762409B3562A1D6CC40C0,4478,0101000020110F0000D0E3700F950E70418DCB18C32C544EC1,Courtesy Mooring,CCC623,31DF02D5CAB74701,20220513,Transport (Maritime),482,1720
0101000020E6100000707DBDB952DC624074A39869FBB740C0,4479,0101000020110F0000484F0945B2047041B757678FAE294EC1,Courtesy Mooring,CHR963,269783969CC90A00,20220513,Transport (Maritime),482,1781
0101000020E610000098B8C2A95FDF624060E8A3B02BFB40C0,4142,0101000020110F0000522C2C8549077041FD437185DCB24EC1,Emergency Mooring,CUG240,0F83580936221340,20220111,Transport (Maritime),483,1483
0101000020E6100000EA0E935F2CF96240737B43D2947240C0,4143,0101000020110F00008AE414E7321D7041C22A16ACDA9C4DC1,Courtesy Mooring,NHR150,D2EA6E8CCA14D38A,20220111,Transport (Maritime),482,7033
0101000020E6100000AAA1F782F6E76240DF59C14F90E740C0,4144,0101000020110F0000A6D2BD00950E7041815D2833BE8A4EC1,Courtesy Mooring,CMH100,72F2AA06AF50F5F1,20220111,Transport (Maritime),482,1485
0101000020E61000000C8D9F0A25DD6240D6646338B13C41C0,4481,0101000020110F0000D0811DE4640570415157B97F74394FC1,Emergency Mooring,SPK030,92ACB64A040B30CE,20220513,Transport (Maritime),483,1588
0101000020E61000002BAEAA676AEB62401795F32E85C240C0,4146,0101000020110F0000F9089DB183117041A615477A243F4EC1,Courtesy Mooring,CBW276,5EAD88D78EAC6545,20220111,Transport (Maritime),482,1581
0101000020E6100000A848FC63CCBC62405DFCE01C4A8942C0,4147,0101000020110F000017306643D8D36F41703F34E2F2F850C1,Emergency Mooring,STB102,CE07D512D2A7FE11,20220111,Transport (Maritime),483,3428
0101000020E610000021778301C7BC6240FC712EBA408942C0,4148,0101000020110F0000DD04ED1DCFD36F412F9EA4E4E8F850C1,Courtesy Mooring,STB103,99D835D16AA4FF3A,20220111,Transport (Maritime),486,2235
0101000020E6100000ED72A50F02E9624020ED864B5FE640C0,4149,0101000020110F0000E563983B780F704190454BB04E884EC1,Courtesy Mooring,CMH105,0250413AE228F1AE,20220111,Transport (Maritime),482,1651
0101000020E6100000FF69AC9320E16240999FEF609EFE40C0,4482,0101000020110F0000C8A663C8C6087041BC51CD87ECB94EC1,Courtesy Mooring,CGR184,42B38676F368A753,20220513,Transport (Maritime),482,1631
0101000020E61000006E2A8F4698246340BBC05506E84D3EC0,4151,0101000020110F0000D1E457A413427041564DC4EB63074BC1,Courtesy Mooring,NCH019,691662C4CE6C8F33,20220111,Transport (Maritime),482,1785
0101000020E6100000F7EFA90147E5624043C66B05460A41C0,4152,0101000020110F0000C474C71A4D0C7041A9FBAF2AD0D14EC1,Courtesy Mooring,CPH081,775F28A5E6519A5F,20220111,Transport (Maritime),482,1826
0101000020E6100000BB52B25399E362402AFCC0F2FAEA40C0,4153,0101000020110F0000E191782DE00A704189C08B7FBA914EC1,Emergency Mooring,CPR828,13B1FEC1A178A028,20220111,Transport (Maritime),483,1478
0101000020E610000032B057C320E5624061E4211D460041C0,4154,0101000020110F0000AA2EDB9F2C0C7041D50A79AB50BD4EC1,Courtesy Mooring,CBB221,D7CAC8D5726DABEE,20220111,Transport (Maritime),482,1664
0101000020E6100000D32580F47F0563409F55D528E85B40C0,4155,0101000020110F0000054571F0AA277041252387D8076F4DC1,Courtesy Mooring,NPS188,2FC6FD0356F2D4FF,20220111,Transport (Maritime),482,1648
0101000020E61000003FE10F1FCFE36240C82FB27DD30141C0,4156,0101000020110F0000EAF87EDD0D0B7041F4887CED7EC04EC1,Emergency Mooring,CGR192,0528D11BBE115E1D,20220111,Transport (Maritime),483,1697
0101000020E61000007145BA89D5E36240A765DC8E53EC40C0,4157,0101000020110F000081C59C50130B70412ACF433F7B944EC1,Courtesy Mooring,CPR830,905EC4CF96FA5F2F,20220111,Transport (Maritime),482,1509
0101000020E6100000BE42B868DBF262408A324344448440C0,4158,0101000020110F000069F8489DD51770415B48FC9EA8C04DC1,Courtesy Mooring,NLM364,47C5B4F8B7B6E467,20220111,Transport (Maritime),482,7051
0101000020E61000004BD52FEC0A096340C61716A5BD3D40C0,4159,0101000020110F000020C41E3AAD2A7041863DF03735324DC1,Courtesy Mooring,NML492,BA787A159C415799,20220111,Transport (Maritime),482,1703
0101000020E6100000855550D7EDE76240A33ACD48AAE640C0,4483,0101000020110F0000A8CD96A38D0E7041903387F9E7884EC1,Courtesy Mooring,CMH088,CAC6F9990455E9BC,20220513,Transport (Maritime),482,1706
0101000020E610000049C44D611CE56240F576D4265A0041C0,4161,0101000020110F00002F87E8E6280C7041BE5CECB979BD4EC1,Courtesy Mooring,CBB219,2118EEC36A4338E9,20220111,Transport (Maritime),482,1700
0101000020E61000007D06C4F528E762406ED151A1B1E540C0,4162,0101000020110F0000E1D7896DE60D7041CF841AB7EB864EC1,Courtesy Mooring,CMH083,0F995201FE596884,20220111,Transport (Maritime),482,1784
0101000020E61000002FF5F5554C2063407CC989635DE43EC0,4484,0101000020110F00006F9274766D3E70417B18E2D9D89B4BC1,Emergency Mooring,NMC200,085C3918BDC5C555,20220513,Transport (Maritime),483,1711
0101000020E6100000A90B4A312DF962400916415A897240C0,4163,0101000020110F000095443199331D704142B0B378C39C4DC1,Courtesy Mooring,NHR152,078728BF70BC7091,20220111,Transport (Maritime),482,7035
0101000020E6100000B46511A5BDF3624090E5184EAC7E40C0,4164,0101000020110F0000F362A8C1951870414336740554B54DC1,Courtesy Mooring,NLM354,4EE2BDBC5BD91598,20220111,Transport (Maritime),482,7041
0101000020E6100000EF621A0AB2E962408F70385AE8D140C0,4485,0101000020110F0000AD5EF6B00D10704153FFA0DC835E4EC1,Emergency Mooring,CPT024,3A9B6BD42E49160A,20220513,Transport (Maritime),483,1556
0101000020E6100000548B7CAB88E96240577C7DF0C7CC40C0,4486,0101000020110F0000BB30598EEA0F7041F1E263CD0E544EC1,Courtesy Mooring,CPT065,B0A7B1B1C703DE93,20220513,Transport (Maritime),482,1688
0101000020E61000006735F26EBFC66240D78097E2AADC41C0,4487,0101000020110F00004A62FBABBEE46F4181307D63CC4250C1,Courtesy Mooring,SBB051,DE7BF209F2FB4E13,20220513,Transport (Maritime),486,1548
0101000020E6100000679D6D0F550D6340E17E3B95F93840C0,4167,0101000020110F0000E4692DE0512E7041230425FD9C284DC1,Courtesy Mooring,NML483,57212217A5845139,20220111,Transport (Maritime),482,1726
0101000020E610000009E7AF26CDE762409F0BC1B8A8EC40C0,4168,0101000020110F0000019F1CE0710E70419D3BF16C29954EC1,Courtesy Mooring,CPJ433,6B984FE860FF5D4D,20220111,Transport (Maritime),482,1568
0101000020E610000066BD10A28F0A6340BCFE69BA493C40C0,4169,0101000020110F0000342CE45BF72B7041BB66305E482F4DC1,Courtesy Mooring,NML472,40F434A3AB8427DA,20220111,Transport (Maritime),482,1699
0101000020E6100000BFD887855A056340A3820581955540C0,4488,0101000020110F0000C9829F258B277041539AFDCF44624DC1,Courtesy Mooring,NMR281,5346CD904F9F959E,20220513,Transport (Maritime),482,1540
0101000020E61000003F9EFAA6C3F06240740885EB519040C0,4170,0101000020110F0000C5E391980E16704128BFDFDA17D94DC1,Courtesy Mooring,NLM351,F93883A7C72AC689,20220111,Transport (Maritime),482,7038
0101000020E61000007455D93B46E362409C128805B40841C0,4171,0101000020110F000086BB489B990A7041F8ECF7CB97CE4EC1,Courtesy Mooring,CPH102,567801F41B4D34FE,20220111,Transport (Maritime),482,1818
0101000020E6100000E200968B20E562404AE72828380041C0,4172,0101000020110F00008B8980702C0C7041F299B41234BD4EC1,Courtesy Mooring,CBB222,DCA7D53221A7F799,20220111,Transport (Maritime),482,1572
0101000020E6100000B2DB107008E46240BCA1817B8B0041C0,4489,0101000020110F0000D461488B3E0B7041ED69AACDDEBD4EC1,Emergency Mooring,CGR186,095CEB72A9D639D2,20220513,Transport (Maritime),483,1601
0101000020E6100000B123044EC9E7624059CEF35487EC40C0,4490,0101000020110F0000A898D49B6E0E7041B853A422E5944EC1,Courtesy Mooring,CPJ431,A4B2F662156ABF40,20220513,Transport (Maritime),482,1741
0101000020E6100000F26BC8C5AB196340DB5D304461A63FC0,4491,0101000020110F000045193192CC387041EA68B04FA25C4CC1,Emergency Mooring,NCM071,A7F96D0C9C9C8F66,20220513,Transport (Maritime),483,1805
0101000020E61000005B59822459E76240E19933702DFE40C0,4492,0101000020110F0000F29F70590F0E704120C0BA2905B94EC1,Courtesy Mooring,CBB225,FC20560B90DA59A6,20220513,Transport (Maritime),482,1718
0101000020E6100000EF4235BDB1E86240F667CD3E7CEC40C0,4493,0101000020110F000026F7E803340F7041E6F0FD75CE944EC1,Courtesy Mooring,CMH117,7FBF39C35151254B,20220513,Transport (Maritime),482,1543
0101000020E6100000F8879B559FE5624034047B36ABEA40C0,4424,0101000020110F0000762B1C1F980C70416D59507217914EC1,Emergency Mooring,CPJ428,38AE559F9E22B7F0,20220111,Transport (Maritime),483,1638
0101000020E6100000A8BA1BB0720363402F713D5DB75B40C0,4425,0101000020110F0000EB0765D4EC25704183C03255A56E4DC1,Emergency Mooring,NPS207,3C009504D4F7B543,20220111,Transport (Maritime),483,1757
0101000020E6100000DB620EA90FE1624065B2CFE5E0FC40C0,4494,0101000020110F0000A706656AB8087041E78231FB5BB64EC1,Courtesy Mooring,CGR255,5D61A1CD5FD8B000,20220513,Transport (Maritime),482,1787
0101000020E6100000C061D60FC4E762403B09218819E740C0,4175,0101000020110F0000AEE9EA276A0E70417F342E62CB894EC1,Courtesy Mooring,CMH087,13A5B58BD5B05177,20220111,Transport (Maritime),482,1660
0101000020E6100000CE5702924AEA6240D786C1D134CE40C0,4176,0101000020110F00005E7D5C3C8F107041F3DD9BF5F6564EC1,Emergency Mooring,CPT071,29C92EF593D15C4F,20220111,Transport (Maritime),483,4631
0101000020E610000029A68701B8D5624010F45E46B18841C0,4495,0101000020110F00002CD798AE2CFE6F4196507CD69CD64FC1,Courtesy Mooring,SJB033,1608EC485ACF9597,20220513,Transport (Maritime),482,1607
0101000020E610000025FC5AAF93E4624006CC5BE4A60841C0,4178,0101000020110F0000AF7689CEB40B7041D67CD0DF7CCE4EC1,Courtesy Mooring,CPH126,D5687EF08743648D,20220111,Transport (Maritime),482,1797
0101000020E61000007B701F3EC31F63406D9AD98173DE3EC0,4179,0101000020110F0000F7948C07F93D7041AE19E7BCFE954BC1,Emergency Mooring,NMC204,F9C847DBBD888C2F,20220111,Transport (Maritime),483,7067
0101000020E610000010BE167B44E36240CF0BD5EFC20841C0,4180,0101000020110F00005DE9261E980A704175078361B6CE4EC1,Courtesy Mooring,CPH104,697EABECCFB31038,20220111,Transport (Maritime),482,1821
0101000020E61000006C4B291567E762405F49FBEABDE340C0,4181,0101000020110F0000F91C4C301B0E7041E095476BEE824EC1,Courtesy Mooring,CMH073,AB85F374DB0AAA27,20220111,Transport (Maritime),482,1489
0101000020E6100000754BF170870A63402AA9BAA44E3C40C0,4182,0101000020110F00004AE1CD66F02B70412DF2A243522F4DC1,Courtesy Mooring,NML469,01A00367FE6DCED7,20220111,Transport (Maritime),482,1530
0101000020E610000048B2490C02E4624072EB65801ECB40C0,4496,0101000020110F00002C18041E390B7041DA33E042AB504EC1,Courtesy Mooring,CBC737,94D27E0717D53B70,20220513,Transport (Maritime),482,1504
0101000020E6100000BCA23AB2DEE362404D24DF0FE9CB40C0,4183,0101000020110F0000D255CC171B0B704121E2F24C48524EC1,Emergency Mooring,CBC741,235AA750D326D15D,20220111,Transport (Maritime),483,1635
0101000020E61000003C95190784E96240A1EFB11EE4CC40C0,4497,0101000020110F0000F2220D9DE60F704158BC934548544EC1,Courtesy Mooring,CPT072,3286665A869FD135,20220513,Transport (Maritime),482,5031
0101000020E61000005681AD69DEF2624080742D464A8440C0,4185,0101000020110F0000277E5C2AD8177041FB36FBCAB4C04DC1,Courtesy Mooring,NLM365,186A2AD608679DCC,20220111,Transport (Maritime),482,7052
0101000020E61000000FD1BFBF110263409FAF0212A25740C0,4186,0101000020110F000025941B14C1247041D630266167664DC1,Courtesy Mooring,NPS185,21DBF1CAE7BE2149,20220111,Transport (Maritime),482,1582
0101000020E6100000A6BBDC3A010163404E291365A75E40C0,4187,0101000020110F00009269C4A0D9237041C18B12CB93744DC1,Emergency Mooring,NPS190,0F6B09FEC6FC6940,20220111,Transport (Maritime),483,1477
0101000020E6100000F8B3CF5979F46240A74D06E3BA8640C0,4498,0101000020110F00003029DE2C3519704189573178A6C54DC1,Emergency Mooring,NLM193,D013A3C36580C23D,20220513,Transport (Maritime),483,1637
0101000020E6100000342EFFB407E96240C5B3DD9E64E640C0,4188,0101000020110F000081C521077D0F70418B0F119359884EC1,Courtesy Mooring,CMH103,3426A2E920479757,20220111,Transport (Maritime),482,1512
0101000020E6100000CC6CEFD746EA62409D96D66E26CE40C0,4189,0101000020110F000017E710128C1070414734FD9DD9564EC1,Emergency Mooring,CPT038,271572A0EEE88279,20220111,Transport (Maritime),483,1591
0101000020E6100000E2DEBB2E4FE46240410A2FAF98CA40C0,4190,0101000020110F0000A3C4ADA07A0B704118CC6C699A4F4EC1,Courtesy Mooring,CBC739,98F6FC08E65FA5D0,20220111,Transport (Maritime),482,1533
0101000020E61000008AE77E64600C6340A6D6201FF43840C0,4191,0101000020110F000018404F14822D70410D8110FF91284DC1,Courtesy Mooring,NML475,49704C755181751D,20220111,Transport (Maritime),482,1646
0101000020E6100000F0594A71F6016340CC5A93A6795740C0,4192,0101000020110F000069DC1BE3A92470414A4974CE15664DC1,Courtesy Mooring,NPS187,71C3A499DB5D5092,20220111,Transport (Maritime),482,1558
0101000020E6100000312C05A679E662401D5228C49EEC40C0,4193,0101000020110F0000DB0E2889510D70417E346E1015954EC1,Emergency Mooring,CPJ835,E037B680D51F6E7F,20220111,Transport (Maritime),483,1498
0101000020E6100000AAB1623B9F05634074C5A689095C40C0,4194,0101000020110F00008D3EB180C5277041D56DF03B4B6F4DC1,Courtesy Mooring,NPS312,087ABA2D52DC8C0F,20220111,Transport (Maritime),486,5829
0101000020E6100000E0BE502144F362407826CB10C79240C0,4195,0101000020110F00006770D58D2E1870416CA3CC1414DE4DC1,Courtesy Mooring,NLM350,B5644DD8B4F04A64,20220111,Transport (Maritime),482,7037
0101000020E61000005D3F945FF1E7624064C3487DC2E740C0,4196,0101000020110F00004DF594A3900E7041ED2780C7248B4EC1,Courtesy Mooring,CMH098,979A69ECE593812A,20220111,Transport (Maritime),482,1680
0101000020E6100000E21DD0AF1DE56240A6717693500041C0,4197,0101000020110F0000F4CE01032A0C704179A1341B66BD4EC1,Courtesy Mooring,CBB220,3BEBC2C02C5BA49B,20220111,Transport (Maritime),482,1667
0101000020E61000000E3CCA75D1E362405AED2A695DEC40C0,4198,0101000020110F000012EEFED90F0B7041126BDE658F944EC1,Emergency Mooring,CPR836,ABEE9413FFEC5B60,20220111,Transport (Maritime),483,1702
0101000020E6100000FF35C4B1CD106340007B9A3B502A40C0,4199,0101000020110F0000F70DCB9744317041BE152B181F0B4DC1,Courtesy Mooring,NWS185,9619E7C2F80541D5,20220111,Transport (Maritime),482,1642
0101000020E61000006D1FB5A679F46240EE801068C38640C0,4499,0101000020110F00007CFE2C6E35197041EEBE33BCB7C54DC1,Emergency Mooring,NLM280,235E0ED5BD0CBBD9,20220513,Transport (Maritime),483,2630
0101000020E610000060667546940A6340B7AEC01A543C40C0,4201,0101000020110F000055AB314DFB2B70413B785F425D2F4DC1,Courtesy Mooring,NML473,AEAFBF2A9095B529,20220111,Transport (Maritime),482,1506
0101000020E61000000EDDB6ACD5E6624088578229F0E340C0,4202,0101000020110F00009D1290B19F0D70415913341955834EC1,Emergency Mooring,CMH072,4EFEDD774D6BE48B,20220111,Transport (Maritime),483,1806
0101000020E6100000A82B35A5E2E8624084B59C9FF5EB40C0,4203,0101000020110F0000BF4F268D5D0F704190D0E922BB934EC1,Courtesy Mooring,CMH116,3C2CCD5CEEA2607D,20220111,Transport (Maritime),482,1678
0101000020E61000000751158405326340019CF7172EE03CC0,4500,0101000020110F0000186E29E47A4D70416CDD53AC2DA249C1,Courtesy Mooring,NRR201,387CC11E1091F0CE,20220513,Transport (Maritime),482,2229
0101000020E61000005ED5B2FC97F362403F88C92CA58E40C0,4205,0101000020110F00002EC916C675187041CCB5724DB2D54DC1,Courtesy Mooring,NLM224,6706A9066E99D21A,20220111,Transport (Maritime),482,1772
0101000020E6100000DFD88FC85109634066079A84573D40C0,4207,0101000020110F00001015BF68E92A70419779DE9367314DC1,Courtesy Mooring,NML465,F4F5F2CA492ADA73,20220111,Transport (Maritime),482,1768
0101000020E6100000E2B2CF775ADA624053C6E9D921CD40C0,4208,0101000020110F0000FF50EB0006037041B5DF282AC6544EC1,Courtesy Mooring,CHR966,9D595ED6A8EBDA07,20220111,Transport (Maritime),482,1508
0101000020E6100000290941ADF4E762404ABC84EFB1E740C0,4209,0101000020110F0000EF59D071930E704126E21BF0028B4EC1,Courtesy Mooring,CMH114,BF273ACC9C8C33F0,20220111,Transport (Maritime),482,1518
0101000020E6100000D9F10A913CE86240EA0FE8BF30CC40C0,4210,0101000020110F0000B04B2880D00E704113A73F7CDA524EC1,Courtesy Mooring,CCC626,65846773F46801B1,20220111,Transport (Maritime),482,1779
0101000020E610000081C748B1310363402F0CE7BA905C40C0,4211,0101000020110F00001D4309A1B52570418D96B22F5C704DC1,Courtesy Mooring,NPS039,63DAE8891E8A2FA3,20220111,Transport (Maritime),482,1610
0101000020E6100000830FC5D32BE7624015D7BB77C1E540C0,4212,0101000020110F000015A6EDDCE80D7041002426160C874EC1,Courtesy Mooring,CMH095,03B8AF94C9F91201,20220111,Transport (Maritime),482,1709
0101000020E610000035FDA3B765E762408C30648760E340C0,4213,0101000020110F00006C0273071A0E7041C7BBDC922F824EC1,Courtesy Mooring,CMH078,C96C371B5E33BA9A,20220111,Transport (Maritime),482,1595
0101000020E6100000FFF21873D7E36240405D265305FF40C0,4214,0101000020110F0000F6FD3BF0140B70413297A16EBFBA4EC1,Emergency Mooring,CGR256,22B183E356DD85FD,20220111,Transport (Maritime),483,1684
0101000020E61000001C03670D2AE76240FE14A17DD3E540C0,4215,0101000020110F000094B1085BE70D70419D83CEEC30874EC1,Courtesy Mooring,CMH096,CD2EE5353DF897B7,20220111,Transport (Maritime),482,1640
0101000020E6100000BEC1AFC91AE16240E052B01888FE40C0,4502,0101000020110F0000E4BEBCDDC10870418B1B00E2BEB94EC1,Courtesy Mooring,CGR188,D368C2BFB0BDFB63,20220513,Transport (Maritime),482,1502
0101000020E6100000BCB636F594F46240CAEE7E72018B40C0,4503,0101000020110F00009B02379F4C1970413B2D8B1451CE4DC1,Courtesy Mooring,NLM208,90C7D85B25D3A18E,20220513,Transport (Maritime),482,1661
0101000020E61000001FF1BF19C9EA6240C64CDBA93CB740C0,4218,0101000020110F00004541ADB2FA107041B656CD4D2A284EC1,Emergency Mooring,CBW273,54E587076BAED451,20220111,Transport (Maritime),483,1606
0101000020E61000007811CBEB1BE362408D1BF7098D0741C0,4504,0101000020110F0000C2A39DAB750A704153379CF53ACC4EC1,Emergency Mooring,CPH079,A0C26BEDDA7C0726,20220513,Transport (Maritime),483,1822
0101000020E61000009BA9EF6DF5E962401815035C59D040C0,4220,0101000020110F00002E1DF3EC4610704123414ADD555B4EC1,Emergency Mooring,CPT021,7D6B593B0D376DD9,20220111,Transport (Maritime),483,1609
0101000020E610000086F4BB4F68E762400E19D60C96E340C0,4221,0101000020110F000018D4763B1C0E70413F5249F29C824EC1,Courtesy Mooring,CMH075,F3B989574773C991,20220111,Transport (Maritime),482,1615
0101000020E6100000E7084D125EE462401EB8216C78CA40C0,4222,0101000020110F00000F08D845870B7041A7ADF4A1584F4EC1,Courtesy Mooring,CBC734,FA48AAF3BC1AD3D4,20220111,Transport (Maritime),482,1531
0101000020E6100000050CC4E91EE3624074343F1EAF0741C0,4223,0101000020110F000029122836780A7041712A2ED580CC4EC1,Courtesy Mooring,CPH125,EC099FF05D3E788E,20220111,Transport (Maritime),482,1819
0101000020E61000008B3A381092F46240B519A97A0C8B40C0,4505,0101000020110F0000A26CE3294A1970410A630F7267CE4DC1,Courtesy Mooring,NLM162,AD307FD7EA64A862,20220513,Transport (Maritime),482,1778
0101000020E6100000FEB9DCDA2FF462401530B8AF038340C0,4506,0101000020110F0000235B53C1F6187041B273EB1F1FBE4DC1,Courtesy Mooring,NLM357,39906FC3802505A0,20220513,Transport (Maritime),482,7044
0101000020E61000006BEC8CC975E9624065BF444772D340C0,4507,0101000020110F0000AD90E284DA0F704153BC80A2A7614EC1,Emergency Mooring,CPT033,472F3983815176FF,20220513,Transport (Maritime),483,1676
0101000020E6100000277B033549E762401D82DDF347EC40C0,4226,0101000020110F0000B91AB9D0010E70413463078363944EC1,Emergency Mooring,CPJ424,5D8FD291B48825B1,20220111,Transport (Maritime),483,1672
0101000020E6100000A985AABFCBC56240086BD3EE6ADA41C0,4508,0101000020110F0000D90BB4BF20E36F41C6C931ED714050C1,Courtesy Mooring,SBB054,A87C6413DA4DC639,20220513,Transport (Maritime),482,3830
0101000020E6100000084D2412C2BC6240078022D54B8942C0,4228,0101000020110F0000843AF6BBC6D36F41015CD6B6F4F850C1,Courtesy Mooring,STB104,70A8DC825F9A0BB1,20220111,Transport (Maritime),486,2629
0101000020E6100000C045435EFCE96240BABA63C92FD040C0,4509,0101000020110F00008D9B95D14C10704194E6A70E015B4EC1,Emergency Mooring,CPT070,2B193ED9B75F9E10,20220513,Transport (Maritime),483,5030
0101000020E610000050647035C5F26240D6ED1565368440C0,4510,0101000020110F0000871179C2C2177041601CE9838CC04DC1,Emergency Mooring,NLM255,7740937AEAAF8AE2,20220513,Transport (Maritime),483,1731
0101000020E610000047C9453764E76240EDA932824EE340C0,4231,0101000020110F0000876201C1180E7041D1F8BEBF0A824EC1,Courtesy Mooring,CMH079,9A8802533A893E7F,20220111,Transport (Maritime),482,1767
0101000020E6100000050DC1B500E46240E57A67FA12CB40C0,4511,0101000020110F0000A7191AFB370B70415888CBC393504EC1,Courtesy Mooring,CBC736,29B1022C289AEBC5,20220513,Transport (Maritime),482,1748
0101000020E61000003D19205ED7F2624059E279AA438440C0,4512,0101000020110F0000728C9A2ED21770413E8A6567A7C04DC1,Courtesy Mooring,NLM190,CC5E921B6EA5884A,20220513,Transport (Maritime),482,1738
0101000020E61000006A472D04B9E7624066C572F90FC940C0,4513,0101000020110F0000F37662C6600E7041EEA72EC3794C4EC1,Courtesy Mooring,CHR404,A1A19675BC76D4CF,20220513,Transport (Maritime),482,1515
0101000020E6100000CB7E85B105E462400FCC90021ECB40C0,4514,0101000020110F000027909C363C0B7041C60B4D42AA504EC1,Courtesy Mooring,CBC738,FDBFBCCD44D05A53,20220513,Transport (Maritime),482,1634
0101000020E61000006B550784C3046340C893305FBD5B40C0,4234,0101000020110F00009563CBE50A277041DB0D2676B16E4DC1,Courtesy Mooring,NPS205,03D3AAD9335E2BA9,20220111,Transport (Maritime),482,1534
0101000020E6100000C8995954B1F2624060AFE4B8538840C0,4515,0101000020110F0000EFD94EE0B1177041C435870EE3C84DC1,Emergency Mooring,NLM195,444AF62B95162151,20220513,Transport (Maritime),483,1695
0101000020E61000008D98DAAFA8196340A1644C3272A63FC0,4516,0101000020110F0000DD094EF3C938704174A2C633B35C4CC1,Courtesy Mooring,NCM070,3C89BDFD14C84459,20220513,Transport (Maritime),482,1671
0101000020E6100000CA15C920F7C76240012B3ED175DB41C0,4237,0101000020110F00007000D91DD0E66F41CCCE1E14894150C1,Courtesy Mooring,SBB050,B68310BE5465CBD5,20220111,Transport (Maritime),486,1747
0101000020E610000006B73B468CE862404330B74082EE40C0,4517,0101000020110F00002CC84A32140F7041986C69FFF1984EC1,Courtesy Mooring,CMH121,1A1FE96A1FB58BFE,20220513,Transport (Maritime),482,1670
0101000020E6100000B494DD51F6E7624021FD2A97A0E740C0,4518,0101000020110F00002C130AD7940E70411D319F7ADF8A4EC1,Courtesy Mooring,CMH113,563F331ED7A6A2CF,20220513,Transport (Maritime),482,1696
0101000020E61000003C6FC8BDE6E46240B5AEFB3A700A41C0,4240,0101000020110F0000ED2DB958FB0B70413CEF24BB26D24EC1,Courtesy Mooring,CPH131,81BB50B3CEBF7EED,20220111,Transport (Maritime),482,7030
0101000020E6100000C36865FC7BE9624020B6FA3F87D340C0,4519,0101000020110F000064F197C8DF0F70418697B66DD2614EC1,Emergency Mooring,CPT044,C781B80164C0C372,20220513,Transport (Maritime),483,1643
0101000020E6100000B144C48C03E4624052915024720041C0,4520,0101000020110F000019D08D643A0B7041A1F190E1AABD4EC1,Emergency Mooring,CGR191,AE4F5B6A5DC209C7,20220513,Transport (Maritime),483,1723
0101000020E610000095714469EFF262406385FD135C9240C0,4521,0101000020110F00008BEF2A9AE6177041C72160093BDD4DC1,Courtesy Mooring,NLM246,8058D35AE54C9A6C,20220513,Transport (Maritime),482,1525
0101000020E61000007D1E201CC6E76240BC25A7A120E740C0,4244,0101000020110F00004A1432E56B0E7041BA4297E5D9894EC1,Courtesy Mooring,CMH097,BCE5F24C45A16CA7,20220111,Transport (Maritime),482,1687
0101000020E6100000C7926ECB5A0C6340B2974695F93840C0,4245,0101000020110F0000374235537D2D7041165A3BFD9C284DC1,Courtesy Mooring,NML479,9622A4334E9B4506,20220111,Transport (Maritime),482,1608
0101000020E610000018FC04A0640C6340CA66DDAAF43840C0,4246,0101000020110F000036F08BAC852D704131D9521893284DC1,Courtesy Mooring,NML477,AAE6E900AA400447,20220111,Transport (Maritime),482,1790
0101000020E61000000A0F8C0014E162407FBCB0F173FE40C0,4522,0101000020110F0000A25B621ABC08704175AD489995B94EC1,Courtesy Mooring,CGR253,AC5AE42B242A754A,20220513,Transport (Maritime),482,1677
0101000020E6100000F516063F04E4624075547A210ACB40C0,4523,0101000020110F0000B8A1F2FB3A0B704148FB97B981504EC1,Courtesy Mooring,CBC735,A21262874B1F8737,20220513,Transport (Maritime),482,1476
0101000020E61000004CE5EF2A28E9624022CCE33D43E840C0,4249,0101000020110F0000854EC498980F704132359AFF2B8C4EC1,Courtesy Mooring,CMH106,4EE034B686D97F4D,20220111,Transport (Maritime),482,1630
0101000020E6100000C937B5A34BE46240009E759C7DEC40C0,4250,0101000020110F00001F61579E770B7041AD101E41D1944EC1,Emergency Mooring,CPR827,140000A36E962346,20220111,Transport (Maritime),483,1487
0101000020E6100000E9AC39DF85056340BB286CCED45B40C0,4251,0101000020110F0000240DE6F6AF2770419C33FFC5E06E4DC1,Courtesy Mooring,NPS311,77E2E116D0AE3B44,20220111,Transport (Maritime),486,6229
0101000020E610000090A1A431DADE62409E564239D1B440C0,4524,0101000020110F00006CF92D2AD80670418B7B28A83D234EC1,Courtesy Mooring,CHR835,65F0EF05E05831E3,20220513,Transport (Maritime),482,1756
0101000020E610000030E9B6EE66DF6240EEE5F97E6AB040C0,4525,0101000020110F0000BA66AEB14F077041BDD8A04F491A4EC1,Emergency Mooring,CHR836,499134B88743C99C,20220513,Transport (Maritime),483,1594
0101000020E610000070A3F8B153E86240BF6596C64BEF40C0,4253,0101000020110F000003C8CD24E40E7041683E553F8E9A4EC1,Emergency Mooring,CMH093,9AC8185521D02D11,20220111,Transport (Maritime),483,1679
0101000020E610000010F68C2028E962409594E10EC1D040C0,4526,0101000020110F0000A312F28F980F7041FF5E8269295C4EC1,Emergency Mooring,CPT027,4B1726DBDC6409AF,20220513,Transport (Maritime),487,1663
0101000020E6100000CB03F6D96EC4624028F35C3810D441C0,4527,0101000020110F00008EE0971CD0E06F410F397B0ECD3950C1,Courtesy Mooring,SCY043,9E65F2D414C6072D,20220513,Transport (Maritime),482,3829
0101000020E610000059708BFFA7216340B30BB2C2B2E03EC0,4257,0101000020110F0000CB4E87BB943F7041F60AF7F437984BC1,Emergency Mooring,NSW050,32C70549DBBF3C93,20220111,Transport (Maritime),483,1675
0101000020E6100000844F28ED0D1D6340F8F5CD33096D3FC0,4258,0101000020110F00000E771D32AC3B70410ABF24CC7D234CC1,Courtesy Mooring,NHS116,67B6708964B290AB,20220111,Transport (Maritime),482,1732
0101000020E61000004349A8BB6EEB62400CD5DF1B7BC240C0,4260,0101000020110F00005656A15E871170419E8896F30F3F4EC1,Courtesy Mooring,CBW277,DB506F67DDC713EC,20220111,Transport (Maritime),482,1735
0101000020E610000071408DD9FFE76240153D3C07A9CC40C0,4529,0101000020110F0000B5CC10EF9C0E7041E236C6C3CF534EC1,Courtesy Mooring,CCC631,F4595CFED4D22562,20220513,Transport (Maritime),482,1514
0101000020E6100000137BB96B09026340C30328E7B15740C0,4262,0101000020110F000069E16001BA2470419670175587664DC1,Courtesy Mooring,NPS184,463EC54D2DFA7EAA,20220111,Transport (Maritime),482,1496
0101000020E61000000B010696B6E96240BE1558DFD3D140C0,4530,0101000020110F0000C2F67A8D11107041F7B2C3135A5E4EC1,Emergency Mooring,CPT023,C0BCE33104F85088,20220513,Transport (Maritime),483,1551
0101000020E61000003B4979D485E96240B031ABCFD5CC40C0,4531,0101000020110F00006E71E524E80F70414AEE6A172B544EC1,Courtesy Mooring,CPT064,1C97A8D055E3CD4F,20220513,Transport (Maritime),482,1625
0101000020E6100000B6A59AD750E56240DAD08968BAED40C0,4265,0101000020110F00004C3F4475550C70410AE5023659974EC1,Emergency Mooring,CPJ427,5DADE438A9392A18,20220111,Transport (Maritime),483,1808
0101000020E6100000A6CCDF90590D6340BE19CC13D03840C0,4266,0101000020110F000071AACCB3552E7041FAA4947249284DC1,Courtesy Mooring,NML481,167AA3D18793A4FD,20220111,Transport (Maritime),482,1574
0101000020E6100000BE6679D719E862405105AEF38EE940C0,4267,0101000020110F0000B07A3E02B30E7041008C5932D28E4EC1,Courtesy Mooring,CMH112,85D1BB4D5F851915,20220111,Transport (Maritime),482,1501
0101000020E61000003A617DF4D6C36240B225ADC0D51C42C0,4268,0101000020110F0000EA17B519CEDF6F41165A9FC3238650C1,Courtesy Mooring,SWR102,462C6A18E094C0A1,20220111,Transport (Maritime),482,1830
0101000020E6100000383ADB1EAADC6240B06D915CFE4B41C0,4269,0101000020110F000094EC877EFC04704123DEEE6101594FC1,Courtesy Mooring,SSH006,CDC0F65A44E4B42E,20220111,Transport (Maritime),482,1673
0101000020E610000087CF8E625AE46240E21DF42734CA40C0,4270,0101000020110F000074955224840B7041E9283972CD4E4EC1,Courtesy Mooring,CBC733,9F860FB0793E4A98,20220111,Transport (Maritime),482,1730
0101000020E6100000934174F09EBD62406A8A463F0E8E42C0,4271,0101000020110F0000D4E2C4E63DD56F41DE536BFB05FE50C1,Emergency Mooring,STB101,27E93C12B99BA0DE,20220111,Transport (Maritime),483,1751
0101000020E6100000A16596FC62E762403542AF5254FE40C0,4533,0101000020110F00003045BEB5170E7041C76705D254B94EC1,Courtesy Mooring,CBB224,663E05F7F7C1A17E,20220513,Transport (Maritime),482,1629
0101000020E61000006E9B3BDDD9F262403D5C716BA09040C0,4273,0101000020110F0000B0DA654DD41770416177B113B7D94DC1,Emergency Mooring,NLM234,0CE61D19CD7471C5,20220111,Transport (Maritime),483,1565
0101000020E61000008D501E92C7F262408B97D8521A8C40C0,4534,0101000020110F000032FE06C4C4177041354D48898AD04DC1,Courtesy Mooring,NLM253,591E80AA29136BE4,20220513,Transport (Maritime),482,1593
0101000020E61000007E5DBE654EDC624089985D11FCB740C0,4535,0101000020110F0000ACB70398AE047041B1E4E5E4AF294EC1,Courtesy Mooring,CHR964,45684E932855D67E,20220513,Transport (Maritime),482,1658
0101000020E6100000CDCA48345BEE6240D36291302AB940C0,4276,0101000020110F0000A7B7E50B03147041D8BA46E5162C4EC1,Emergency Mooring,CTH007,923CA4F3E784BF05,20220111,Transport (Maritime),483,1519
0101000020E61000005EF45C50DFEA624079D9D98AFDB740C0,4536,0101000020110F00006EBB51900D117041C1F144E5B2294EC1,Courtesy Mooring,CBW274,D34433947932FA4D,20220513,Transport (Maritime),482,1488
0101000020E6100000BABBDD17AAE7624080979F5C40E740C0,4537,0101000020110F0000A524CB19540E70413CBDCEC21A8A4EC1,Emergency Mooring,CMH094,335422289EBC03C1,20220513,Transport (Maritime),483,1753
0101000020E61000006E8B761D17E16240628F2E277BFE40C0,4538,0101000020110F00001A8734BFBE087041C93FF25DA4B94EC1,Courtesy Mooring,CGR252,0DE3ED854F6BD026,20220513,Transport (Maritime),482,1544
0101000020E6100000884AE89129E96240A59E612F2FE840C0,4281,0101000020110F0000BAF1A3C9990F704151387FFE028C4EC1,Courtesy Mooring,CMH107,C4FEAFAD34C2D13C,20220111,Transport (Maritime),482,1633
0101000020E61000009D6039E27DE4624027EAA35AF8EB40C0,4282,0101000020110F0000A4FC7A4AA20B704166CF82B8C0934EC1,Emergency Mooring,CPR826,EEDEC004980C78C5,20220111,Transport (Maritime),483,1685
0101000020E61000009743625269E76240256B0FEECEEE40C0,4539,0101000020110F00006CA922171D0E704139FFB3D98E994EC1,Emergency Mooring,CPJ420,A16875773F76646E,20220513,Transport (Maritime),483,1549
0101000020E61000000D288ECADAE96240F740D353BFD040C0,4284,0101000020110F000076513F4D30107041330EA6E1255C4EC1,Emergency Mooring,CPT025,03EFCF8AEC4F95E2,20220111,Transport (Maritime),483,1744
0101000020E61000003E332AA913F26240376C35A8109640C0,4285,0101000020110F00009F98D7F72B177041CF1C35B1BFE44DC1,Courtesy Mooring,NLM352,A1AF0A7E9506BAB9,20220111,Transport (Maritime),482,7039
0101000020E61000004F3C54D649F46240E56376A1B98040C0,4540,0101000020110F000088216BD20C19704144F7F3F57BB94DC1,Emergency Mooring,NLM194,5D87F3CB7E743A87,20220513,Transport (Maritime),483,1616
0101000020E6100000232F0647C9F26240C56F5F61AE8840C0,4541,0101000020110F0000756C1737C6177041D02D41CF9AC94DC1,Courtesy Mooring,NLM191,4597E2164FAF06AD,20220513,Transport (Maritime),482,1783
0101000020E61000007F36B334CAF26240C9E35352278C40C0,4288,0101000020110F00002D20F300C7177041854BD9E3A4D04DC1,Courtesy Mooring,NLM192,4736528202945BA8,20220111,Transport (Maritime),482,1749
0101000020E610000001493483E5E462408E7114B4A3EB40C0,4289,0101000020110F00001D338D4DFA0B704171C7399A13934EC1,Emergency Mooring,CPJ430,712AA8950B634B67,20220111,Transport (Maritime),483,1482
0101000020E6100000756B4B8676F46240C3074AD74C8040C0,4542,0101000020110F0000208462C632197041E90E129D9FB84DC1,Courtesy Mooring,NLM359,CC9425B8CB12BA6D,20220513,Transport (Maritime),482,7046
0101000020E61000002E00504341CF6240C0E241F491AD41C0,4291,0101000020110F0000099C38EF31F36F410FC46410A41150C1,Courtesy Mooring,SUD050,906F679E63BE06F3,20220111,Transport (Maritime),490,7054
0101000020E6100000EC64D3BCE3EA62409189E3ECC3B740C0,4543,0101000020110F000079C21E52111170419A3C069E3D294EC1,Courtesy Mooring,CBW278,A650F19B17C0A56F,20220513,Transport (Maritime),482,1553
0101000020E61000005A0A95AFDEE862404749BDE970EB40C0,4292,0101000020110F000008F646305A0F70417597E3BBAB924EC1,Courtesy Mooring,CMH115,A7CE9700A7FD6E12,20220111,Transport (Maritime),482,1479
0101000020E61000004521BBABB1C36240CEB3DEAB561C42C0,4544,0101000020110F0000D85FF9C48EDF6F410D1AA8F99D8550C1,Courtesy Mooring,SWR100,DA2893EDA7E39642,20220513,Transport (Maritime),482,1828
0101000020E61000005E2AB81E85E862402C4749C2ABEE40C0,4294,0101000020110F0000C16CC91E0E0F70417C1D37E746994EC1,Courtesy Mooring,CMH123,569624B0263C217F,20220111,Transport (Maritime),482,1624
0101000020E610000051D24163AAC5624080FBD71741D941C0,4295,0101000020110F00004C90F514E8E26F418222106E3A3F50C1,Emergency Mooring,SCY041,8C6119380AEF8503,20220111,Transport (Maritime),483,1472
0101000020E6100000CCF53CF2071D63409F2C3F89E26C3FC0,4296,0101000020110F00007EA2E71DA73B70414E04305057234CC1,Courtesy Mooring,NHS118,5F5A034629D015A7,20220111,Transport (Maritime),482,1681
0101000020E61000005B2DA74F05E4624009E16D717A0041C0,4545,0101000020110F000040EC7DE33B0B70417B7DDCE3BBBD4EC1,Emergency Mooring,CGR185,CEC8369DA14D0C5E,20220513,Transport (Maritime),483,1674
0101000020E610000053DAB85BFFF26240B6A64A3CA08440C0,4546,0101000020110F000008D66525F41770410616A7F662C14DC1,Courtesy Mooring,NLM250,B4302C073B251D24,20220513,Transport (Maritime),482,1722
0101000020E61000008F53EE5A42E76240890FDBB584E840C0,4299,0101000020110F0000D6E9FAFEFB0D7041522994D8B18C4EC1,Emergency Mooring,CMH085,4E47053637CCBCC6,20220111,Transport (Maritime),483,1522
0101000020E610000084F379304F0963404265DCF6503D40C0,4300,0101000020110F00007E05BD34E72A7041938EA9615A314DC1,Courtesy Mooring,NML464,C8373E8174357E1F,20220111,Transport (Maritime),482,1743
0101000020E61000004274DD2486E46240F8E96FF8CAFF40C0,4547,0101000020110F00001F14724EA90B7041F14AE05C54BC4EC1,Courtesy Mooring,CBB212,65257FC87AC518E8,20220513,Transport (Maritime),482,1580
0101000020E61000001F2F800762E76240E07D58073DE340C0,4301,0101000020110F0000034A97E5160E7041C3B66307E7814EC1,Courtesy Mooring,CMH080,475451ADC1806493,20220111,Transport (Maritime),482,1754
0101000020E61000002B8495218EE76240ECCDAA3C48E540C0,4302,0101000020110F00009C25435A3C0E70410538054D14864EC1,Emergency Mooring,CMH081,42FC71FFC1EB323D,20220111,Transport (Maritime),483,1725
0101000020E61000007AAEA90B6E3163402ADE84F4992F3CC0,4303,0101000020110F000081F4553FFA4C70417FEB3F9D7AF748C1,Courtesy Mooring,NTR203,F7977BE6B918FD92,20220111,Transport (Maritime),482,2233
0101000020E6100000905F6B4D7FE76240147C160993CB40C0,4304,0101000020110F000051B12DC22F0E70414C5B8BE198514EC1,Courtesy Mooring,CCC632,977F01CE544B2BBA,20220111,Transport (Maritime),482,1497
0101000020E61000008E7587CFB0E862408B37581489EC40C0,4305,0101000020110F0000409B0C3A330F70415B32A9B5E8944EC1,Emergency Mooring,CMH092,71A01250C47476D3,20220111,Transport (Maritime),483,1715
0101000020E61000009E3338B136E86240E80E384D1CCC40C0,4306,0101000020110F000069BAF582CB0E7041001FA0C9B0524EC1,Courtesy Mooring,CCC625,CA3149CD7BB523D0,20220111,Transport (Maritime),482,1560
0101000020E61000003963D2DEE0EA6240D390D531C1B740C0,4548,0101000020110F00007EFABAE20E117041D1D3200F38294EC1,Courtesy Mooring,CBW289,541C29812FC1661E,20220513,Transport (Maritime),482,1761
0101000020E6100000794E03367AE762403901B3463DC640C0,4549,0101000020110F0000C8E6316F2B0E7041DEEF2CA1B8464EC1,Emergency Mooring,CHR405,463B3A8C96AF4049,20220513,Transport (Maritime),483,1499
0101000020E610000086E7BAE57DE762407869CB10C7C640C0,4550,0101000020110F0000B2B8B1902E0E70419AC5B777D1474EC1,Emergency Mooring,CHR413,F3B289FCBB9BC5DF,20220513,Transport (Maritime),483,1538
0101000020E61000009958B3A34BE3624010DCC545DBEA40C0,4310,0101000020110F0000D5F796329E0A7041FC7A47B979914EC1,Emergency Mooring,CPR833,9207B52EF46B6139,20220111,Transport (Maritime),483,1614
0101000020E610000056E969E96C316340EE92BA29CB2F3CC0,4311,0101000020110F000065BDD348F94C70414D3D7507AAF748C1,Emergency Mooring,NTR204,8B35D03D9E6325C9,20220111,Transport (Maritime),483,2234
0101000020E6100000C2E1502472E66240664F718DBCC540C0,4312,0101000020110F0000F96C0D294B0D704179DB0D48B2454EC1,Emergency Mooring,CHR462,1ADE4B88C5A9793B,20220111,Transport (Maritime),483,1586
0101000020E610000061F1476FCB046340D57BEC829B5B40C0,4313,0101000020110F0000E4628A9F112770418242F6196D6E4DC1,Courtesy Mooring,NPS203,DF463B2087CCCF9A,20220111,Transport (Maritime),482,1762
0101000020E6100000E7737AE621E36240A79215ABBD0741C0,4314,0101000020110F0000788AA0BF7A0A70418D2F5BAA9ECC4EC1,Courtesy Mooring,CPH107,1C5B32D0278892E5,20220111,Transport (Maritime),482,1800
0101000020E6100000720D6D7BA819634086A3BBB88DA63FC0,4315,0101000020110F0000161EC7C6C93870418EF1F0A9CE5C4CC1,Courtesy Mooring,NCM069,A65A7A684113F60C,20220111,Transport (Maritime),482,1550
0101000020E61000007F21B25E91E76240DDE0391F12EC40C0,4316,0101000020110F0000F25B6D1A3F0E7041F983666BF5934EC1,Emergency Mooring,CPJ423,F787CA6521DF4B09,20220111,Transport (Maritime),483,1547
0101000020E6100000A3E9938785E8624054BD7015B1ED40C0,4317,0101000020110F0000E5D3D7770E0F70416F84532346974EC1,Courtesy Mooring,CMH120,F1D1DB33AC699715,20220111,Transport (Maritime),482,1799
0101000020E610000000B6C954C1E862408C7A1CEBE2E640C0,4551,0101000020110F00000BC7F541410F7041044F48BE5B894EC1,Emergency Mooring,CMH091,95CD33EC530CEE88,20220513,Transport (Maritime),483,1714
0101000020E6100000C463ED829B246340E3C8B9CDF44D3EC0,4319,0101000020110F00004368E063164270415260E57D70074BC1,Courtesy Mooring,NCH020,0BC0346C984D9BE7,20220111,Transport (Maritime),482,1622
0101000020E61000007B1C44D0690C6340D8CD211FF43840C0,4320,0101000020110F00001E7BA0148A2D7041977212FF91284DC1,Courtesy Mooring,NML478,F5623798A6BED1F0,20220111,Transport (Maritime),482,1742
0101000020E61000005B32E586CCF262406DF6787AA58840C0,4321,0101000020110F0000789499F9C8177041DEA323C488C94DC1,Courtesy Mooring,NLM363,B4F8F33750F7482C,20220111,Transport (Maritime),482,7050
0101000020E6100000A008F0CCF1E76240E5A3DB1EAAE640C0,4552,0101000020110F0000C7C97500910E7041DB27CAA3E7884EC1,Courtesy Mooring,CMH089,BB44BE9ABBF65099,20220513,Transport (Maritime),482,1555
0101000020E6100000AC3E176724E862403B5D4C467DE940C0,4323,0101000020110F0000F72C6DFABB0E7041545A750DAE8E4EC1,Courtesy Mooring,CMH110,70F4FB5630DD15E9,20220111,Transport (Maritime),482,1649
0101000020E6100000A11F47AF06D36240EB1C9F82009841C0,4324,0101000020110F0000750EE9CC99F96F414E375B8668F64FC1,Emergency Mooring,SSI057,B39460C158E8BB39,20220111,Transport (Maritime),483,1475
0101000020E6100000BB9BDD2C4BE062404DAA9DF4BEFD40C0,4553,0101000020110F0000E14F6D8A11087041D3DAD7D622B84EC1,Courtesy Mooring,CUG241,06D7385648018030,20220513,Transport (Maritime),482,7031
0101000020E61000001F2E9CF10AE96240FFDD8CD464E640C0,4326,0101000020110F0000B499DFC67F0F70412F34CD005A884EC1,Courtesy Mooring,CMH102,69C63DD26EA6FFFD,20220111,Transport (Maritime),482,1589
0101000020E610000091275B423EDA6240DEDD14AE47CD40C0,4327,0101000020110F00005828BC0BEE0270414604185013554EC1,Courtesy Mooring,CHR925,A40EE4776E4F088B,20220111,Transport (Maritime),482,1619
0101000020E610000020A754AEFDF262405AA5442AB38440C0,4328,0101000020110F0000B02DB7B8F21770416EB4805189C14DC1,Courtesy Mooring,NLM222,A9437365855BAEE7,20220111,Transport (Maritime),482,1541
0101000020E610000044CB499133E86240C892CC947FE940C0,4329,0101000020110F00000BF793DBC80E704177EDD4C4B28E4EC1,Emergency Mooring,CMH090,95BBC38480F39CF7,20220111,Transport (Maritime),483,1662
0101000020E610000033F2F3287502634021E437798F5B40C0,4330,0101000020110F0000C7D61F8215257041EB076BCC546E4DC1,Emergency Mooring,NPS189,853F173A28CB99B9,20220111,Transport (Maritime),483,1587
0101000020E6100000525BE05A80F4624081DC64D7D08640C0,4554,0101000020110F00008DF1B71F3B197041D8013DF6D2C54DC1,Emergency Mooring,NLM281,F26C8B567FC8C79B,20220513,Transport (Maritime),483,3028
0101000020E6100000B1A140A6CAE762401EEB765B96EC40C0,4332,0101000020110F000056C130C06F0E70414674A7DD03954EC1,Courtesy Mooring,CPJ432,55EBA6F74AA2B577,20220111,Transport (Maritime),482,1500
0101000020E61000005995359A52EA62402BE350B5F0BB40C0,4333,0101000020110F0000A356B10E96107041B88A6F7DBD314EC1,Emergency Mooring,CBW293,2D6741C33B572F81,20220111,Transport (Maritime),483,5029
0101000020E61000007EFDFD0E45E96240CC76817346D040C0,4555,0101000020110F0000EA1B3D22B10F704175D6C24A2F5B4EC1,Courtesy Mooring,CPT063,08B183DC6632CA86,20220513,Transport (Maritime),482,1598
0101000020E6100000B1131A1FD3E66240EBE80461810041C0,4556,0101000020110F0000321473869D0D7041154E001ACABD4EC1,Courtesy Mooring,CBB223,21308C1E25262098,20220513,Transport (Maritime),482,1740
0101000020E61000003D3684058AE36240CC3AE87AB50841C0,4557,0101000020110F0000DA65C22DD30A7041DBB695C99ACE4EC1,Emergency Mooring,CPH108,53692E19FF9B0649,20220513,Transport (Maritime),483,1473
0101000020E6100000809BCEE2C3E76240C2CBB24169EC40C0,4337,0101000020110F0000D15EAC016A0E70415FD600A0A7944EC1,Courtesy Mooring,CPJ435,D877ED54C4B3C152,20220111,Transport (Maritime),482,1513
0101000020E6100000152E84327A2063408D05EC1C03E63EC0,4558,0101000020110F00007A7FB669943E7041B0523A3F7A9D4BC1,Emergency Mooring,NMC203,8C6A6D78C3419CD3,20220513,Transport (Maritime),483,1505
0101000020E6100000BF0D62C601E862406280E052BBCC40C0,4559,0101000020110F0000099BA0919E0E704122ED2B13F5534EC1,Courtesy Mooring,CCC630,089FAF483B058BDF,20220513,Transport (Maritime),482,1527
0101000020E6100000794A10A1C7106340D1C6BC885B2A40C0,4340,0101000020110F0000BE0A15713F317041303B0ED0350B4DC1,Courtesy Mooring,NWS186,99B4D92803F7B7A6,20220111,Transport (Maritime),482,1618
0101000020E61000008F7DFBB4B4E26240327188121EFF40C0,4341,0101000020110F000026D7B6021E0A704171E3F921F2BA4EC1,Emergency Mooring,CGR274,351F51439A272D7B,20220111,Transport (Maritime),483,1576
0101000020E6100000B4DC339296BD624023EDCE83138E42C0,4342,0101000020110F00005674F0AF2FD56F41418494970BFE50C1,Courtesy Mooring,STB100,6F3118F271F49BEB,20220111,Transport (Maritime),482,1493
0101000020E61000006429DD6617E1624076571E06E0FC40C0,4560,0101000020110F000099678BFDBE087041AC3401315AB64EC1,Courtesy Mooring,CGR254,B82B5485EAA4F27F,20220513,Transport (Maritime),482,1521
0101000020E6100000663F6A721EE1624055FED32E93FE40C0,4561,0101000020110F000096134DF9C408704131B93D98D5B94EC1,Courtesy Mooring,CGR187,2CE63B482C7ED69A,20220513,Transport (Maritime),482,1537
0101000020E6100000EC01708C77F4624032C493625A8040C0,4562,0101000020110F00005DDC05A5331970417CFCBD0BBBB84DC1,Courtesy Mooring,NLM251,9C088E7052E0BB4A,20220513,Transport (Maritime),482,1621
0101000020E6100000A44D6D3997F46240F6AC20C0FC8A40C0,4563,0101000020110F0000D47BFD8B4E197041FBBCF38E47CE4DC1,Courtesy Mooring,NLM161,05C3618FE8D555D9,20220513,Transport (Maritime),482,1623
0101000020E61000004EC2A85AF8E762405E8F72D4E4CC40C0,4564,0101000020110F0000F37D5991960E7041A1B63BB849544EC1,Courtesy Mooring,CCC624,E8896BEDDC443153,20220513,Transport (Maritime),482,1613
0101000020E61000003B6036E6D6E362407EAC169147EC40C0,4345,0101000020110F0000D7A39478140B7041D33D03B962944EC1,Courtesy Mooring,CPR829,D1EE1E2CABC54B41,20220111,Transport (Maritime),482,1484
0101000020E6100000D70858E618E562404EA43D29610041C0,4346,0101000020110F0000773E37F2250C70410E88951688BD4EC1,Courtesy Mooring,CBB218,0EEAC0AEDF043D1E,20220111,Transport (Maritime),482,1599
0101000020E6100000C79C8EDC2DF462403512E4EFF18240C0,4565,0101000020110F0000585DEC0FF5187041CBBAA62AFBBD4DC1,Courtesy Mooring,NLM189,7CF7B3FCCDED8D96,20220513,Transport (Maritime),482,1517
0101000020E610000031BD325B8CE7624095168A9A9CE740C0,4348,0101000020110F0000F62C5AD83A0E7041D1102454D78A4EC1,Emergency Mooring,CMH086,08323F7F024623AD,20220111,Transport (Maritime),483,1469
0101000020E6100000CF43D39F7D3163408183153DDDDE3CC0,4576,0101000020110F00003BBE7B7A074D7041C8E64EF8E6A049C1,Courtesy Mooring,NRR200,E37F611BE021A18D,20221021,Transport (Maritime),482,7077
0101000020E6100000A79B1D133CE462407F37F400030241C0,4351,0101000020110F00004ED439666A0B70410936F94AE0C04EC1,Emergency Mooring,CBB238,F3E47F4166D26E24,20220111,Transport (Maritime),483,1510
0101000020E610000029BD5E04A0F26240F65E9D5BFB8D40C0,4352,0101000020110F00007DDF392CA3177041AE6D31ED59D44DC1,Courtesy Mooring,NLM362,50837F8D85229ADC,20220111,Transport (Maritime),482,7049
0101000020E610000052D161AE910A6340EE261E4C5C3C40C0,4353,0101000020110F0000CD923119F92B704170C226C16D2F4DC1,Courtesy Mooring,NML495,D54EAAEB88C3C4A9,20220111,Transport (Maritime),482,1529
0101000020E61000000731FBAC66E56240F9DAF3611CEC40C0,4354,0101000020110F00000C8B5300680C70413C0C70670A944EC1,Emergency Mooring,CPJ429,6B5980E4FCE598B4,20220111,Transport (Maritime),483,1542
0101000020E61000006036F39029E9624093B37AC61DE840C0,4355,0101000020110F00007ECCD3C8990F7041A036C466DF8B4EC1,Courtesy Mooring,CMH108,1B9D6DA106EB9FB9,20220111,Transport (Maritime),482,1645
0101000020E6100000FB899B0E77E6624059B94806A6EC40C0,4357,0101000020110F0000B34CB8554F0D70412616C2E823954EC1,Courtesy Mooring,CPJ436,A81CB97591315639,20220111,Transport (Maritime),482,1710
0101000020E6100000570F98F57CEB624059B7198B50BE40C0,4358,0101000020110F00002467BA7393117041B7F6AA4F93364EC1,Courtesy Mooring,CBW275,1D4F7332DF0013B1,20220111,Transport (Maritime),482,1788
0101000020E61000001489BA6E37E762409B7B9E8CDEE640C0,4359,0101000020110F000046252AB8F20D70415D87E4CF52894EC1,Emergency Mooring,CMH084,2985F021884DF2D9,20220111,Transport (Maritime),483,1584
0101000020E61000008A44DDE667E76240DF4D14FBA6E340C0,4360,0101000020110F0000ADED65E21B0E70415B8B968BBF824EC1,Courtesy Mooring,CMH074,2D660187FC10F467,20220111,Transport (Maritime),482,1636
0101000020E610000053C2A87F23E862406FC888CFB0EB40C0,4361,0101000020110F0000DF1DDF35BB0E70412DB359682E934EC1,Courtesy Mooring,CMH126,536139BA71D0157D,20220111,Transport (Maritime),482,1686
0101000020E61000009C803645473163409ECFAB5E662E3CC0,4362,0101000020110F00005879CC50D94C704172616E3E52F648C1,Emergency Mooring,NTR205,D2B818205F14F52A,20220111,Transport (Maritime),483,2628
0101000020E610000064584FF9EAE76240D136610D2AEC40C0,4363,0101000020110F00008E0933348B0E70414D244E5C26944EC1,Courtesy Mooring,CMH125,022708031B37F908,20220111,Transport (Maritime),482,1600
0101000020E610000041C5E55649E362406A9D5030BD0841C0,4364,0101000020110F00001FE5843E9C0A7041827D1D98AACE4EC1,Courtesy Mooring,CPH103,00EF8760D830EC51,20220111,Transport (Maritime),482,1763
0101000020E610000092068519C2F16240BC456571F48B40C0,4366,0101000020110F00001AC0C0B2E6167041556A97BB3DD04DC1,Emergency Mooring,NLM196,1D0D0D463ADFC37E,20220111,Transport (Maritime),483,1683
0101000020E61000002319E56FD710634054D5F406432A40C0,4367,0101000020110F00005DA90EDE4C317041E1B54A8C040B4DC1,Courtesy Mooring,NWS184,C743B6D175AED40D,20220111,Transport (Maritime),482,1739
0101000020E61000000A89DC6B2EF96240E991DE96B57240C0,4372,0101000020110F000092D65BA4341D70415AE1E6F51C9D4DC1,Courtesy Mooring,NHR151,EA8E177FB6C331A1,20220111,Transport (Maritime),482,7034
0101000020E61000003BEC75898B0A6340FA09CB1A543C40C0,4375,0101000020110F0000919A4FE1F32B7041325274425D2F4DC1,Courtesy Mooring,NML471,24B499CE235FDF58,20220111,Transport (Maritime),482,1804
0101000020E610000000CC3F5A89E862404B1D6B039DEE40C0,4376,0101000020110F00001D6E07B7110F7041E5A742BD28994EC1,Courtesy Mooring,CMH122,04C019B7051FF134,20220111,Transport (Maritime),482,1579
0101000020E61000005F2FAB5AF8DC6240BFA07AF5DE3541C0,4378,0101000020110F0000F78328F03E05704150BF0F8E672B4FC1,Courtesy Mooring,SWO006,591BD64134B8EBB6,20220111,Transport (Maritime),482,1770
0101000020E6100000334A93C478E962401F08BED179D340C0,4379,0101000020110F0000961AEC0CDD0F704129D3C005B7614EC1,Emergency Mooring,CPT031,BB7F608BDFB8C39A,20220111,Transport (Maritime),483,1812
0101000020E6100000210F558E24F162409FD3F46FA99240C0,4380,0101000020110F0000937B76E560167041F8C84CF9D7DD4DC1,Emergency Mooring,NLM197,DBF2594522DC178E,20220111,Transport (Maritime),483,1474
0101000020E6100000F3C566157DE76240B12820FD9DCB40C0,4381,0101000020110F0000C8B9C2DF2D0E7041B2E04637AF514EC1,Courtesy Mooring,CCC633,98463CAFB97C25C7,20220111,Transport (Maritime),482,1719
0101000020E6100000971E0E8CF4E7624087E22195A7E740C0,4382,0101000020110F000012389E55930E704140F9DEC5ED8A4EC1,Courtesy Mooring,CMH099,293C0D808119F7DC,20220111,Transport (Maritime),482,1597
0101000020E610000015774667061D634079795D29CB6C3FC0,4383,0101000020110F0000A67576CEA53B704150FA810C40234CC1,Emergency Mooring,NHS115,61A043E137490BD9,20220111,Transport (Maritime),483,1495
0101000020E6100000A45008AC1C2063407835D15090A53EC0,4384,0101000020110F00005B945AFB443E7041A345F79CC55D4BC1,Courtesy Mooring,NNR051,8DDBE7CB2D19C25F,20220111,Transport (Maritime),482,1520
0101000020E6100000C5DEB83311106340DB85FDBEDC1640C0,4566,0101000020110F0000E2419E81A4307041AD289A8A0DE44CC1,Courtesy Mooring,NWS183,13B9D1B2B8B900D3,20220520,Transport (Maritime),482,1524
0101000020E6100000D8A10794AC0963408786B833A24040C0,4385,0101000020110F000017576E85362B7041464EB89A08384DC1,Courtesy Mooring,NML480,769DC1A22D452C4F,20220111,Transport (Maritime),482,1773
0101000020E6100000F541FDA8A2C36240C59EC276281C42C0,4386,0101000020110F0000CECFB04575DF6F41F66499546D8550C1,Courtesy Mooring,SWR101,682CAB4E1894660E,20220111,Transport (Maritime),482,1829
0101000020E6100000B6B3DFE339F36240F384355EBA8140C0,4571,0101000020110F0000AD4D71DB251870419B7DF7FF83BB4DC1,Emergency Mooring,NLM356,618972B12F719C35,20220708,Transport (Maritime),483,7043
0101000020E610000050F2C0B070F462406C64DD36D68A40C0,4573,0101000020110F00004889EBD12D197041731F016FF9CD4DC1,Courtesy Mooring,NLM209,235EB3834F168B4F,20220916,Transport (Maritime),482,1656
0101000020E6100000F8A5D66275F46240CCBD62D0CF8A40C0,4574,0101000020110F0000AADDD9CE311970411B2E5375ECCD4DC1,Courtesy Mooring,NLM210,7733383E5D7B3E92,20220916,Transport (Maritime),482,1750
0101000020E6100000ACF95F10580D634002BD3560E53840C0,4393,0101000020110F0000927C3E6D542E70416ECDFF5074284DC1,Courtesy Mooring,NML482,4816450C937F9AC1,20220111,Transport (Maritime),482,1571
0101000020E61000007F2ED58D69E9624044A6033948D340C0,4394,0101000020110F000084BC1D21D00F70411C197ED151614EC1,Emergency Mooring,CPT026,67E1CB585240AD03,20220111,Transport (Maritime),483,1789
0101000020E61000002805EF10EC0463403B0B42DD465740C0,4396,0101000020110F000046E64C562D27704113D63A50AF654DC1,Courtesy Mooring,NPS182,36332D203B66B533,20220111,Transport (Maritime),482,1602
0101000020E6100000E560648D970A63401CD945A9603C40C0,4397,0101000020110F0000EA54B315FE2B7041F6F7678A762F4DC1,Courtesy Mooring,NML474,3478A72AE6C819A4,20220111,Transport (Maritime),482,1644
0101000020E6100000F523FF1BA1096340F0FC7B68B64040C0,4398,0101000020110F0000526CDBC72C2B70410879564D31384DC1,Courtesy Mooring,NML468,E99CB27DB9F4A519,20220111,Transport (Maritime),482,1585
0101000020E610000069E96B534F09634002933614643D40C0,4399,0101000020110F00001BD46A52E72A7041AE3BABDE80314DC1,Courtesy Mooring,NML494,2F9ED6358471019A,20220111,Transport (Maritime),482,1620
0101000020E6100000C0477605C8046340B60E7059AB5B40C0,4400,0101000020110F000022E467B90E277041634A83138D6E4DC1,Courtesy Mooring,NPS204,4E9DE19C16EE4868,20220111,Transport (Maritime),482,1698
0101000020E61000005B0EF4F572316340FC295AC949DE3CC0,4401,0101000020110F0000CA96006CFE4C7041D89F7BF757A049C1,Emergency Mooring,NRR202,DB4B2959FBD3245D,20220111,Transport (Maritime),483,2230
0101000020E610000044FDF39909F3624019675264378C40C0,4402,0101000020110F0000F89B75D8FC177041E26E2279C5D04DC1,Courtesy Mooring,NLM252,4085018219BA71EA,20220111,Transport (Maritime),482,1567
0101000020E61000001704A111ECDB6240C375073D9B4D41C0,4404,0101000020110F0000696354155B04704140791F62555C4FC1,Courtesy Mooring,SSH005,1D54EF862AF5E901,20220111,Transport (Maritime),482,1632
0101000020E6100000E42787C9540963402AE876865D3D40C0,4405,0101000020110F0000995BD4F5EB2A70414F896EAC73314DC1,Courtesy Mooring,NML466,49271FDE096AEA69,20220111,Transport (Maritime),482,1641
0101000020E6100000860CAD1D1EE862403A3B9E8885E940C0,4407,0101000020110F00006AC98CA3B60E7041BB2387F0BE8E4EC1,Courtesy Mooring,CMH111,2513C33BC823A2AB,20220111,Transport (Maritime),482,1526
0101000020E610000036931E8595F36240095E9211C48E40C0,4408,0101000020110F00005C4BB0AD731870412A316AF4F0D54DC1,Courtesy Mooring,NLM223,F64470C1765A0A58,20220111,Transport (Maritime),482,1764
0101000020E61000002072A139FE01634038111342AA5740C0,4409,0101000020110F00006739347FB024704191185CE777664DC1,Courtesy Mooring,NPS183,16FA36CE50C55A50,20220111,Transport (Maritime),482,1577
0101000020E610000064422F2AA9EA6240B781D7D556B840C0,4410,0101000020110F0000A5AD2A93DF10704137487AA7682A4EC1,Emergency Mooring,CBW292,6A8B178992D2FEFD,20220111,Transport (Maritime),483,4629
0101000020E610000076609B01BC0463400BDC3D4BC85B40C0,4411,0101000020110F0000DAC4148504277041509D1583C76E4DC1,Emergency Mooring,NPS206,AE7EE0FB0C578A96,20220111,Transport (Maritime),483,1561
0101000020E6100000535356C467E7624038D9235D70E340C0,4412,0101000020110F0000120313C51B0E70411BDACBEE4F824EC1,Courtesy Mooring,CMH077,9F5B8AB5C6DF0862,20220111,Transport (Maritime),482,1782
0101000020E6100000B8718950FCFE6240B7A0DD73F95340C0,4413,0101000020110F00008390949C222270413B50946E055F4DC1,Courtesy Mooring,NPS192,B4AF1BD5546163B7,20220111,Transport (Maritime),482,1769
0101000020E610000062D9A18F0C09634018A320D8CB3D40C0,4416,0101000020110F0000E6F25A9EAE2A7041797F89CF51324DC1,Courtesy Mooring,NML493,46756F30062C3423,20220111,Transport (Maritime),482,1758
0101000020E6100000A1BDDF6847E46240D7D8D907590841C0,4417,0101000020110F000035AEB006740B704176F47738DDCD4EC1,Emergency Mooring,CPH109,F41DA68E8D09FCDB,20220111,Transport (Maritime),483,1823
0101000020E610000091AEC525090A634060171EAF6F4E40C0,4418,0101000020110F0000875AEE23852B7041F05B31BFD9534DC1,Courtesy Mooring,NPS160,7400FBA69977B9AA,20220111,Transport (Maritime),482,1471
0101000020E61000001EEE99E09CE562408C14E6EFF1EC40C0,4419,0101000020110F00008513E508960C7041B0A5E32BBF954EC1,Emergency Mooring,CPJ426,9A59EC864E1A8F95,20220111,Transport (Maritime),483,1535
0101000020E61000002268FF907E1D6340C6E06BE4CDB43EC0,4420,0101000020110F0000F63B67DC0B3C70416A91635FD26C4BC1,Courtesy Mooring,NNR052,FDD444E3A8ACAE02,20220111,Transport (Maritime),482,1546
0101000020E6100000576A1F5305E762407CD652FD17ED40C0,4426,0101000020110F0000BAC4AC29C80D704186C235000D964EC1,Emergency Mooring,CPJ442,A864507DC9023FA9,20220111,Transport (Maritime),483,7066
0101000020E6100000FEA85496A33163409598E972C02F3CC0,4427,0101000020110F00003AC169B8274D7041C5DF92B49FF748C1,Courtesy Mooring,NTR201,963FA36E4AFF7570,20220111,Transport (Maritime),482,2232
0101000020E6100000A90361CCB4EA6240B79BD6E751C240C0,4567,0101000020110F000034518C74E91070418634E500BC3E4EC1,Emergency Mooring,CBW270,B7A64A407765F71B,20220610,Transport (Maritime),483,1728
0101000020E610000060B684DCD2EA6240EEF429510BC240C0,4568,0101000020110F00004ABBE1FC02117041227937302C3E4EC1,Courtesy Mooring,CBW286,7E016E14D31C8B77,20220610,Transport (Maritime),482,1796
0101000020E61000003B4DD67736E362401C8E4BCD480841C0,4430,0101000020110F0000DC7B7F378C0A70411627C0F1BBCD4EC1,Courtesy Mooring,CPH105,07D760D42EFDF3DB,20220111,Transport (Maritime),482,1650
0101000020E61000008D67D24398E462406D331BBAAB0841C0,4431,0101000020110F0000982850B2B80B7041766CD6C986CE4EC1,Emergency Mooring,CPH078,C293B9BA7E8922BB,20220111,Transport (Maritime),483,1559
0101000020E61000001BA54F089ABD6240622BFE40F97242C0,4432,0101000020110F00005072159135D56F413E502FC438E150C1,Courtesy Mooring,SML100,3BDD4695A2E3583A,20220111,Transport (Maritime),482,1692
0101000020E6100000E32E42C20A1D6340EC003995F96C3FC0,4433,0101000020110F0000C41A6B81A93B7041C91861406E234CC1,Courtesy Mooring,NHS117,028C137AA3E42E94,20220111,Transport (Maritime),482,1759
0101000020E61000002754BAF72DE362404E6B14B9010841C0,4434,0101000020110F0000F9E353FF840A7041CF35DE332ACD4EC1,Courtesy Mooring,CPH106,834CDEA0C0B0FC35,20220111,Transport (Maritime),482,1654
0101000020E6100000EF273F8ED7EA624086A5409C06C240C0,4569,0101000020110F00003E8E82F906117041D0A86599223E4EC1,Courtesy Mooring,CBW294,C3CCDF551DF7DDBD,20220610,Transport (Maritime),482,4630
0101000020E610000039955269B1DF6240D6BC6C24F6B040C0,4572,0101000020110F0000CE1EF5F28E07704188C4DC5F651B4EC1,Courtesy Mooring,CHR833,85BE930D2702A7A2,20220715,Transport (Maritime),482,1811
0101000020E6100000A1CE63A135E36240EB6D232D3C0841C0,4437,0101000020110F0000D72C5E818B0A704127FA660EA2CD4EC1,Courtesy Mooring,CPH124,13152D7CDF4A18B9,20220111,Transport (Maritime),482,1827
0101000020E6100000F3979D39FEF26240D7D09181298C40C0,4438,0101000020110F000022A1022FF3177041142ABB51A9D04DC1,Courtesy Mooring,NLM355,4723A7985A01056F,20220111,Transport (Maritime),482,7042
0101000020E6100000E15B4407A9096340B4533FC3AE4040C0,4439,0101000020110F0000C6559E81332B70410A2933E721384DC1,Courtesy Mooring,NML470,E1DD38BD308F81B1,20220111,Transport (Maritime),482,1626
0101000020E6100000E2C5C11726E762400A6FDA40A7E540C0,4440,0101000020110F00000B0125FEE30D704164846D81D6864EC1,Courtesy Mooring,CMH082,0FB9C3AA41D12F92,20220111,Transport (Maritime),482,1733
0101000020E6100000E53ACE3E7CF4624026E55362B18640C0,4575,0101000020110F000047C831A237197041AE51333693C54DC1,Emergency Mooring,NLM358,0A06F346497F73B6,20221007,Transport (Maritime),483,7045
0101000020E6100000BCFBB010C7E76240ACC8889C78EC40C0,4442,0101000020110F0000ADCEE7B46C0E704165286407C7944EC1,Courtesy Mooring,CPJ434,0604C0DC4D564817,20220111,Transport (Maritime),482,1693
0101000020E6100000E03B6A006F0C6340618CAB36F53840C0,4443,0101000020110F0000AAC99F7C8E2D70412D99B83194284DC1,Courtesy Mooring,NML476,8C23DB00CC050E92,20220111,Transport (Maritime),482,1604
0101000020E6100000C2F5F2D57B20634097AE2750D7E53EC0,4444,0101000020110F0000AEEEEFCD953E7041B5E134E54E9D4BC1,Courtesy Mooring,NMC202,5E4F17D15F7A9880,20220111,Transport (Maritime),482,1691
0101000020E610000067AFC5754FF3624096E7F1497B7F40C0,4445,0101000020110F0000284F312D3818704172E99233F7B64DC1,Emergency Mooring,NLM233,A4C35B04322268C5,20220111,Transport (Maritime),483,1481
0101000020E61000002E92DCB584E86240C7EB746BBFEE40C0,4446,0101000020110F0000CF26BBC50D0F7041F3F03E1F6F994EC1,Courtesy Mooring,CMH124,5CA1522AD1C02C50,20220111,Transport (Maritime),482,1612
0101000020E61000004BE9174B7EE8624056265E29CBEC40C0,4451,0101000020110F0000F00A8752080F704105FB3EDD6F954EC1,Courtesy Mooring,CMH118,788766A9D5D5DC3E,20220111,Transport (Maritime),482,1639
0101000020E61000000C9BC0804BE362407C415680DCFF40C0,4452,0101000020110F0000A77FE8149E0A704171D6E84778BC4EC1,Emergency Mooring,CGR257,37AD5F2B5C3E77D5,20220111,Transport (Maritime),483,1563
0101000020E61000008FBCE461A1F262406715AE8E098E40C0,4453,0101000020110F000085901355A4177041AC86A0B876D44DC1,Courtesy Mooring,NLM360,4DC92EFC5BAF5F51,20220111,Transport (Maritime),482,7047
0101000020E6100000F4B9C937DBE662406CF728544A0041C0,4454,0101000020110F00008452C866A40D7041A6C2544E59BD4EC1,Emergency Mooring,CBB260,119527114CD96451,20220325,Transport (Maritime),483,1795
0101000020E6100000E03FFC7B45E462407EA157340E0241C0,4455,0101000020110F000021661464720B70417AC3033FF7C04EC1,Emergency Mooring,CBB409,E1F513C307353335,20220408,Transport (Maritime),483,7068
0101000020E610000004E510F42AE3624062997960ED0741C0,4456,0101000020110F0000C17DF46F820A70416881377C00CD4EC1,Courtesy Mooring,CPH134,3635C30E875A6B9F,20220506,Transport (Maritime),482,7072
0101000020E6100000DFE83D7958E362406C7F014D840941C0,4457,0101000020110F0000133E0019A90A70414AF700E542D04EC1,Courtesy Mooring,CPH133,C404CF7E05FA872D,20220506,Transport (Maritime),482,7069
0101000020E61000002031885353E362402AC026C2860941C0,4458,0101000020110F0000269CDEB9A40A704102132EEF47D04EC1,Courtesy Mooring,CPH082,012215701081C38C,20220506,Transport (Maritime),482,1820
0101000020E6100000370CDF911EE3624079A4347BA00741C0,4459,0101000020110F000018F781EB770A7041E6F584D262CC4EC1,Courtesy Mooring,CPH135,E591CC8F3DB65C59,20220506,Transport (Maritime),482,7070
0101000020E610000002249B4D5AE3624026F1109D780941C0,4460,0101000020110F00004965C8A6AA0A7041031B82ED2AD04EC1,Courtesy Mooring,CPH083,FC24A1B6DEFC2069,20220506,Transport (Maritime),482,1539
0101000020E6100000C4C4F17356E362405C1094A7990941C0,4461,0101000020110F00000DFBA861A70A70412BC63BAF6ED04EC1,Courtesy Mooring,CPH132,65B1994866449B42,20220506,Transport (Maritime),482,7071
